age_band,total_claims,avg_billed,denial_rate
18-30,2588,5141.105104327666,13.94899536321484
31-45,5301,5242.198385210338,13.978494623655912
46-60,4929,5244.549174274701,14.688577804828565
61-75,1887,5268.707037625861,12.82458929517753
76+,295,5246.485118644068,11.186440677966102
