claim_type,total_claims,total_billed,total_paid,avg_billed,avg_paid,denial_rate
Inpatient,2653,57425821.44,30356697.47,21645.61682623445,11442.403871089333,9.98869204673954
Emergency,2259,12189035.96,6752032.82,5395.766250553343,2988.9476848162903,5.090748118636565
Outpatient,4499,6545654.36,3327429.72,1454.9131718159592,739.5931807068238,13.025116692598354
Pharmacy,3060,1033503.55,471612.13,337.74625816993466,154.12161111111112,20.392156862745097
Dental,881,621353.08,311650.65,705.2815891032917,353.7464812712827,17.0261066969353
Mental Health,1212,527669.74,228014.93,435.3710726072607,188.1311303630363,25.660066006600662
Vision,436,91181.69,44727.33,209.13231651376148,102.58561926605505,11.46788990825688
