plan_type,total_claims,total_billed,total_paid,denial_rate,avg_billed
EPO,2938,14716510.79,7761204.15,13.410483321987746,5009.023413886997
HDHP,2271,11698060.73,5510534.94,16.380449141347427,5151.061527961251
HMO,5377,28547937.98,14500077.92,14.878184861446902,5309.268733494514
PPO,4414,23471710.32,13720348.04,12.120525600362484,5317.560108744902
