status,count,total_billed,total_paid,pct
Approved,11351,62779439.13,40946923.01,75.67333333333333
Denied,2101,7870302.22,0.0,14.006666666666668
Partial,308,1402004.18,545242.04,2.0533333333333332
Pending,1240,6382474.29,0.0,8.266666666666666
