denial_reason,count,total_billed,pct
Coverage Lapsed,384,1138840.02,18.277010947168016
Medical Necessity,366,1448761.3699999999,17.420276059019514
Out of Network,359,1349049.44,17.087101380295096
Coding Error,351,1366361.8,16.706330318895766
Duplicate Claim,321,1100936.27,15.278438838648261
Prior Auth Required,320,1466353.32,15.230842455973345
